symbol,sector,current_price,day_change_pct,52w_low,52w_high,distance_pct,distance_from_high_pct,rsi,sma50,sma200,volume_ratio,trend,score,reasons
NAVA,Power,628.5,-10.67,442.6,739.4,42.0,15.0,41.86,617.88,601.98,3.75,Bullish,75,"RSI weak/oversold, Above 50 DMA, Volume expansion, Above 200 DMA"
GICRE,Financial Services,387.45,1.18,350.25,434.81,10.62,10.89,47.12,382.64,377.82,0.94,Bullish,65,"Near 52W low, Above 50 DMA, Above 200 DMA"
RECLTD,Financial Services,345.85,-0.7,304.05,406.72,13.75,14.97,42.94,345.5,355.02,0.47,Bullish,65,"Near 52W low, RSI weak/oversold, Above 50 DMA"
UNITDSPR,Fast Moving Consumer Goods,1320.7,3.79,1210.8,1627.82,9.08,18.87,53.51,1308.3,1349.09,2.96,Bullish,60,"Near 52W low, Above 50 DMA, Volume expansion"
TRAVELFOOD,Consumer Services,1098.4,-4.01,1008.5,1445.0,8.91,23.99,24.42,1223.98,1230.82,2.57,Bearish,60,"Near 52W low, RSI weak/oversold, Volume expansion"
KFINTECH,Financial Services,808.2,-1.49,805.0,1379.27,0.4,41.4,32.22,915.67,1033.32,1.45,Bearish,60,"Near 52W low, RSI weak/oversold, Volume expansion"
KAYNES,Capital Goods,3271.9,-1.94,3184.2,7705.0,2.75,57.54,31.54,3889.32,5063.83,3.94,Bearish,60,"Near 52W low, RSI weak/oversold, Volume expansion"
APOLLOTYRE,Automobile and Auto Components,394.5,-1.82,392.0,536.76,0.64,26.5,34.68,421.08,471.43,6.28,Bearish,60,"Near 52W low, RSI weak/oversold, Volume expansion"
TRIDENT,Textiles,24.7,-1.79,21.98,34.1,12.37,27.56,41.03,24.83,27.07,1.95,Bearish,60,"Near 52W low, RSI weak/oversold, Volume expansion"
BAJAJFINSV,Financial Services,1728.1,-0.7,1597.0,2195.0,8.21,21.27,40.79,1776.21,1963.37,2.06,Bearish,60,"Near 52W low, RSI weak/oversold, Volume expansion"
CHAMBLFERT,Chemicals,449.9,5.96,399.75,637.12,12.55,29.39,53.39,440.11,472.29,9.73,Bullish,60,"Near 52W low, Above 50 DMA, Volume expansion"
INFY,Information Technology,1119.0,2.19,1089.0,1728.0,2.75,35.24,33.79,1244.76,1445.34,1.36,Bearish,60,"Near 52W low, RSI weak/oversold, Volume expansion"
GALLANTT,Capital Goods,744.9,-3.08,422.26,948.0,76.41,21.42,42.58,696.42,630.01,0.29,Bullish,60,"RSI weak/oversold, Above 50 DMA, Above 200 DMA"
BHARTIARTL,Telecommunication,1905.4,1.16,1740.5,2174.5,9.47,12.38,59.62,1836.46,1959.26,1.67,Bullish,60,"Near 52W low, Above 50 DMA, Volume expansion"
IGL,Oil Gas & Consumable Fuels,152.12,-2.31,141.74,223.11,7.32,31.82,34.91,159.37,185.27,1.44,Bearish,60,"Near 52W low, RSI weak/oversold, Volume expansion"
IOC,Oil Gas & Consumable Fuels,134.48,-4.12,127.93,186.61,5.12,27.93,36.02,146.15,151.15,2.47,Bearish,60,"Near 52W low, RSI weak/oversold, Volume expansion"
FEDERALBNK,Financial Services,281.3,0.37,184.0,302.0,52.88,6.85,43.66,281.09,248.24,0.73,Bullish,60,"RSI weak/oversold, Above 50 DMA, Above 200 DMA"
ERIS,Healthcare,1370.9,-0.22,1200.0,1910.0,14.24,28.23,51.49,1350.97,1530.76,1.44,Bullish,60,"Near 52W low, Above 50 DMA, Volume expansion"
DOMS,Fast Moving Consumer Goods,2263.5,2.22,2023.9,2881.5,11.84,21.45,44.15,2282.15,2442.99,4.08,Bearish,60,"Near 52W low, RSI weak/oversold, Volume expansion"
THELEELA,Consumer Services,414.15,1.02,382.5,474.4,8.27,12.7,43.96,422.8,425.31,1.78,Bearish,60,"Near 52W low, RSI weak/oversold, Volume expansion"
BSOFT,Information Technology,314.4,1.13,309.2,474.0,1.68,33.67,26.75,364.15,385.77,2.68,Bearish,60,"Near 52W low, RSI weak/oversold, Volume expansion"
BIKAJI,Fast Moving Consumer Goods,669.05,2.96,592.55,818.7,12.91,18.28,53.54,643.37,704.35,2.87,Bullish,60,"Near 52W low, Above 50 DMA, Volume expansion"
VOLTAS,Consumer Durables,1230.7,-4.86,1186.8,1582.5,3.7,22.23,33.46,1378.01,1387.87,2.15,Bearish,60,"Near 52W low, RSI weak/oversold, Volume expansion"
AADHARHFC,Financial Services,464.15,-2.24,411.3,547.8,12.85,15.27,38.64,476.29,490.96,1.36,Bearish,60,"Near 52W low, RSI weak/oversold, Volume expansion"
TECHM,Information Technology,1370.5,2.02,1304.1,1854.0,5.09,26.08,40.49,1411.75,1489.32,2.09,Bearish,60,"Near 52W low, RSI weak/oversold, Volume expansion"
POWERGRID,Power,305.85,1.36,247.22,324.95,23.71,5.88,43.99,305.48,281.97,1.1,Bullish,60,"RSI weak/oversold, Above 50 DMA, Above 200 DMA"
CHALET,Consumer Services,784.65,4.24,691.35,1080.8,13.5,27.4,54.16,758.44,876.68,4.65,Bullish,60,"Near 52W low, Above 50 DMA, Volume expansion"
ACMESOLAR,Power,276.0,-2.49,195.73,324.01,41.01,14.82,42.07,272.13,260.15,0.43,Bullish,60,"RSI weak/oversold, Above 50 DMA, Above 200 DMA"
PINELABS,Financial Services,152.48,-2.07,151.0,284.0,0.98,46.31,26.88,177.73,,4.03,Bearish,60,"Near 52W low, RSI weak/oversold, Volume expansion"
HEG,Capital Goods,624.6,1.13,459.8,690.0,35.84,9.48,56.93,572.65,543.28,1.34,Bullish,55,"Above 50 DMA, Volume expansion, Above 200 DMA"
DATAPATTNS,Capital Goods,3876.5,-3.34,2131.0,4303.0,81.91,9.91,50.21,3572.28,2916.85,2.09,Bullish,55,"Above 50 DMA, Volume expansion, Above 200 DMA"
CROMPTON,Consumer Durables,301.95,4.5,217.4,359.55,38.89,16.02,70.71,255.93,274.89,2.67,Bullish,55,"Above 50 DMA, Volume expansion, Above 200 DMA"
GRASIM,Construction Materials,2933.8,-0.17,2501.9,3007.3,17.26,2.44,62.64,2740.95,2790.13,1.77,Bullish,55,"Above 50 DMA, Volume expansion, Above 200 DMA"
TATASTEEL,Metals & Mining,216.84,-1.94,149.8,224.4,44.75,3.37,58.21,204.06,183.03,1.34,Bullish,55,"Above 50 DMA, Volume expansion, Above 200 DMA"
ABDL,Fast Moving Consumer Goods,555.35,0.68,373.19,696.8,48.81,20.3,56.22,491.9,536.19,2.15,Bullish,55,"Above 50 DMA, Volume expansion, Above 200 DMA"
MANKIND,Healthcare,2503.0,1.66,1909.7,2715.43,31.07,7.82,73.36,2183.17,2295.06,2.06,Bullish,55,"Above 50 DMA, Volume expansion, Above 200 DMA"
ZYDUSLIFE,Healthcare,1011.7,2.02,835.5,1059.05,21.09,4.47,70.17,913.32,942.28,1.98,Bullish,55,"Above 50 DMA, Volume expansion, Above 200 DMA"
ADANIENT,Metals & Mining,2716.0,0.11,1753.0,2803.1,54.93,3.11,75.57,2163.12,2284.04,2.21,Bullish,55,"Above 50 DMA, Volume expansion, Above 200 DMA"
ATGL,Oil Gas & Consumable Fuels,616.25,0.6,462.8,798.0,33.16,22.78,52.26,572.71,587.73,1.88,Bullish,55,"Above 50 DMA, Volume expansion, Above 200 DMA"
ADANIGREEN,Power,1379.0,-2.54,765.0,1471.0,80.26,6.25,68.14,1062.51,1012.81,1.87,Bullish,55,"Above 50 DMA, Volume expansion, Above 200 DMA"
ADANIPORTS,Services,1795.1,1.22,1290.5,1823.9,39.1,1.58,69.59,1521.97,1461.66,1.59,Bullish,55,"Above 50 DMA, Volume expansion, Above 200 DMA"
DELHIVERY,Services,475.75,1.16,320.05,490.0,48.65,2.91,59.09,445.17,440.16,1.92,Bullish,55,"Above 50 DMA, Volume expansion, Above 200 DMA"
TIINDIA,Automobile and Auto Components,2850.3,1.77,2163.07,3417.01,31.77,16.58,48.21,2757.29,2815.68,1.38,Bullish,55,"Above 50 DMA, Volume expansion, Above 200 DMA"
LICHSGFIN,Financial Services,547.05,-2.38,458.9,635.31,19.21,13.89,47.57,530.16,546.48,1.59,Bullish,55,"Above 50 DMA, Volume expansion, Above 200 DMA"
KPIL,Construction,1257.6,2.53,1007.1,1335.6,24.87,5.84,56.04,1172.58,1195.35,3.38,Bullish,55,"Above 50 DMA, Volume expansion, Above 200 DMA"
MEDANTA,Healthcare,1242.5,2.52,956.0,1455.98,29.97,14.66,67.35,1094.92,1215.22,2.83,Bullish,55,"Above 50 DMA, Volume expansion, Above 200 DMA"
GESHIP,Services,1533.9,3.3,884.46,1642.7,73.43,6.62,55.66,1446.36,1166.43,9.37,Bullish,55,"Above 50 DMA, Volume expansion, Above 200 DMA"
GRAPHITE,Capital Goods,774.45,1.95,469.83,802.4,64.84,3.48,66.45,674.28,604.58,2.45,Bullish,55,"Above 50 DMA, Volume expansion, Above 200 DMA"
IPCALAB,Healthcare,1605.0,1.33,1251.6,1654.7,28.24,3.0,65.98,1519.92,1433.96,3.83,Bullish,55,"Above 50 DMA, Volume expansion, Above 200 DMA"
HONASA,Fast Moving Consumer Goods,354.0,0.31,248.4,364.7,42.51,2.93,63.69,319.24,293.24,2.02,Bullish,55,"Above 50 DMA, Volume expansion, Above 200 DMA"
BIOCON,Healthcare,430.1,2.65,327.16,434.6,31.46,1.04,80.85,372.39,374.46,1.69,Bullish,55,"Above 50 DMA, Volume expansion, Above 200 DMA"
SOLARINDS,Chemicals,17314.0,3.89,11646.0,17809.34,48.67,2.78,73.65,14575.52,13859.98,3.78,Bullish,55,"Above 50 DMA, Volume expansion, Above 200 DMA"
JPPOWER,Power,19.54,9.41,13.15,27.7,48.59,29.46,59.42,16.86,17.55,4.95,Bullish,55,"Above 50 DMA, Volume expansion, Above 200 DMA"
HINDCOPPER,Metals & Mining,570.25,-5.97,221.11,758.83,157.9,24.85,54.63,532.11,422.54,1.36,Bullish,55,"Above 50 DMA, Volume expansion, Above 200 DMA"
HINDALCO,Metals & Mining,1067.5,-3.24,613.5,1105.0,74.0,3.39,58.13,981.84,858.31,1.57,Bullish,55,"Above 50 DMA, Volume expansion, Above 200 DMA"
WELSPUNLIV,Textiles,141.02,5.06,107.1,152.85,31.67,7.74,70.74,123.35,126.65,5.02,Bullish,55,"Above 50 DMA, Volume expansion, Above 200 DMA"
IDEA,Telecommunication,12.95,-0.15,6.12,13.33,111.6,2.85,81.47,9.91,9.57,2.21,Bullish,55,"Above 50 DMA, Volume expansion, Above 200 DMA"
KIRLOSENG,Capital Goods,1740.2,8.99,727.53,1775.0,139.19,1.96,61.75,1532.04,1180.19,4.44,Bullish,55,"Above 50 DMA, Volume expansion, Above 200 DMA"
SBIN,Financial Services,963.2,0.07,765.07,1212.84,25.9,20.58,33.97,1046.18,959.02,1.45,Bearish,55,"RSI weak/oversold, Volume expansion, Above 200 DMA"
SAREGAMA,Media Entertainment & Publication,415.75,8.11,307.05,596.52,35.4,30.3,73.46,340.24,394.42,13.62,Bullish,55,"Above 50 DMA, Volume expansion, Above 200 DMA"
SAILIFE,Healthcare,1090.9,-1.94,707.0,1139.4,54.3,4.26,58.62,1019.84,915.7,7.59,Bullish,55,"Above 50 DMA, Volume expansion, Above 200 DMA"
ENRIN,Capital Goods,3086.1,-0.6,2111.59,3619.16,46.15,14.73,50.67,2948.76,3003.01,1.31,Bullish,55,"Above 50 DMA, Volume expansion, Above 200 DMA"
CARBORUNIV,Capital Goods,1102.4,6.27,735.2,1123.9,49.95,1.91,77.04,880.26,880.41,8.4,Bullish,55,"Above 50 DMA, Volume expansion, Above 200 DMA"
JSWSTEEL,Metals & Mining,1278.8,-1.4,959.57,1314.0,33.27,2.68,56.83,1215.43,1161.08,1.94,Bullish,55,"Above 50 DMA, Volume expansion, Above 200 DMA"
CAPLIPOINT,Healthcare,1998.8,-1.24,1500.3,2395.0,33.23,16.54,72.1,1704.78,1902.79,1.94,Bullish,55,"Above 50 DMA, Volume expansion, Above 200 DMA"
KPITTECH,Information Technology,703.7,-0.75,624.9,1424.24,12.61,50.59,40.84,708.91,1041.91,0.46,Bearish,45,"Near 52W low, RSI weak/oversold"
KEC,Construction,548.55,-1.31,501.05,941.06,9.48,41.71,43.23,557.93,708.97,0.51,Bearish,45,"Near 52W low, RSI weak/oversold"
UBL,Fast Moving Consumer Goods,1367.8,-1.54,1360.0,2123.76,0.57,35.6,28.3,1522.2,1671.92,0.77,Bearish,45,"Near 52W low, RSI weak/oversold"
JIOFIN,Financial Services,233.06,-0.46,223.3,338.07,4.37,31.06,41.97,240.41,284.44,0.39,Bearish,45,"Near 52W low, RSI weak/oversold"
ULTRACEMCO,Construction Materials,11487.0,-1.75,10325.0,13110.0,11.25,12.38,43.96,11529.8,12052.46,0.83,Bearish,45,"Near 52W low, RSI weak/oversold"
BALKRISIND,Automobile and Auto Components,2148.3,-1.95,2015.4,2787.61,6.59,22.93,44.55,2206.78,2351.56,0.23,Bearish,45,"Near 52W low, RSI weak/oversold"
TATAELXSI,Information Technology,4125.6,2.48,3945.0,6680.0,4.58,38.24,43.06,4270.79,5116.22,0.77,Bearish,45,"Near 52W low, RSI weak/oversold"
ABBOTINDIA,Healthcare,27940.0,1.53,25150.0,36491.76,11.09,23.43,67.94,26297.6,28771.32,0.7,Bullish,45,"Near 52W low, Above 50 DMA"
UPL,Chemicals,632.25,-0.96,565.15,812.2,11.87,22.16,46.37,631.34,700.17,0.71,Bullish,45,"Near 52W low, Above 50 DMA"
BRITANNIA,Fast Moving Consumer Goods,5406.0,0.62,5279.5,6336.0,2.4,14.68,38.43,5672.34,5843.96,0.27,Bearish,45,"Near 52W low, RSI weak/oversold"
BRIGADE,Realty,688.25,-1.78,601.0,1328.58,14.52,48.2,34.11,716.15,852.37,0.28,Bearish,45,"Near 52W low, RSI weak/oversold"
FIRSTCRY,Consumer Services,224.22,-2.51,207.05,438.7,8.29,48.89,38.64,232.35,300.83,0.31,Bearish,45,"Near 52W low, RSI weak/oversold"
BLUESTARCO,Consumer Durables,1658.0,-0.55,1450.0,2040.0,14.34,18.73,39.57,1766.78,1827.82,0.64,Bearish,45,"Near 52W low, RSI weak/oversold"
BLUEDART,Services,5071.0,1.08,4683.0,7193.83,8.29,29.51,38.49,5248.91,5604.42,0.88,Bearish,45,"Near 52W low, RSI weak/oversold"
CRISIL,Financial Services,4137.6,0.15,3678.37,6051.88,12.48,31.63,48.8,4101.44,4558.79,0.59,Bullish,45,"Near 52W low, Above 50 DMA"
KALYANKJIL,Consumer Durables,353.05,-2.2,340.1,615.9,3.81,42.68,30.95,401.18,464.05,0.75,Bearish,45,"Near 52W low, RSI weak/oversold"
PVRINOX,Media Entertainment & Publication,1009.9,-1.17,907.4,1249.7,11.3,19.19,48.06,995.98,1053.63,0.29,Bullish,45,"Near 52W low, Above 50 DMA"
SWANCORP,Chemicals,318.55,-1.47,295.65,526.59,7.75,39.51,39.26,336.21,418.52,0.85,Bearish,45,"Near 52W low, RSI weak/oversold"
SUPREMEIND,Capital Goods,3508.7,-0.01,3182.0,4699.79,10.27,25.34,34.34,3750.38,3863.42,0.26,Bearish,45,"Near 52W low, RSI weak/oversold"
SUNDARMFIN,Financial Services,4608.1,-0.43,4187.37,5642.0,10.05,18.33,43.63,4851.74,4835.85,0.37,Bearish,45,"Near 52W low, RSI weak/oversold"
SUNTV,Media Entertainment & Publication,535.15,2.27,477.21,660.7,12.14,19.0,34.84,592.29,566.61,1.2,Bearish,45,"Near 52W low, RSI weak/oversold"
SHREECEM,Construction Materials,24970.0,-0.22,22550.0,32398.19,10.73,22.93,51.5,24413.6,27193.23,0.28,Bullish,45,"Near 52W low, Above 50 DMA"
DALBHARAT,Construction Materials,1727.5,-2.11,1717.3,2491.62,0.59,30.67,31.65,1889.48,2100.39,0.59,Bearish,45,"Near 52W low, RSI weak/oversold"
CASTROLIND,Oil Gas & Consumable Fuels,181.44,-0.19,170.1,222.2,6.67,18.35,45.11,181.13,187.67,0.38,Bullish,45,"Near 52W low, Above 50 DMA"
RAMCOCEM,Construction Materials,916.25,-1.84,860.1,1214.5,6.53,24.56,37.48,969.35,1042.67,0.47,Bearish,45,"Near 52W low, RSI weak/oversold"
EMAMILTD,Fast Moving Consumer Goods,428.05,0.84,385.5,632.07,11.04,32.28,41.66,433.31,507.03,0.62,Bearish,45,"Near 52W low, RSI weak/oversold"
ICICIBANK,Financial Services,1244.5,-0.12,1187.6,1488.51,4.79,16.39,40.12,1286.48,1365.41,0.69,Bearish,45,"Near 52W low, RSI weak/oversold"
ICICIGI,Financial Services,1835.2,-0.74,1629.5,2064.9,12.62,11.12,55.06,1805.11,1893.94,0.48,Bullish,45,"Near 52W low, Above 50 DMA"
ETERNAL,Consumer Services,241.18,-1.89,212.6,368.45,13.44,34.54,44.66,241.52,289.05,0.42,Bearish,45,"Near 52W low, RSI weak/oversold"
JSWINFRA,Services,267.1,-0.17,233.42,349.0,14.43,23.47,46.77,263.16,282.15,0.62,Bullish,45,"Near 52W low, Above 50 DMA"
HINDUNILVR,Fast Moving Consumer Goods,2272.2,1.05,2022.5,2728.55,12.35,16.73,51.8,2205.41,2385.67,0.55,Bullish,45,"Near 52W low, Above 50 DMA"
NAUKRI,Consumer Services,928.1,-1.03,920.2,1540.07,0.86,39.74,34.5,988.63,1236.22,1.07,Bearish,45,"Near 52W low, RSI weak/oversold"
HONAUT,Capital Goods,28975.0,0.89,26220.0,41450.0,10.51,30.1,42.32,29700.1,33879.3,0.67,Bearish,45,"Near 52W low, RSI weak/oversold"
IRCTC,Consumer Services,535.95,-0.54,492.65,808.77,8.79,33.73,43.32,540.44,645.04,0.42,Bearish,45,"Near 52W low, RSI weak/oversold"
BHARTIHEXA,Telecommunication,1562.3,3.48,1439.3,2041.65,8.55,23.48,58.5,1532.87,1689.39,1.29,Bullish,45,"Near 52W low, Above 50 DMA"
BPCL,Oil Gas & Consumable Fuels,284.45,-3.58,266.6,391.65,6.7,27.37,38.4,305.3,329.9,1.3,Bearish,45,"Near 52W low, RSI weak/oversold"
IGIL,Services,326.65,0.25,284.8,435.36,14.69,24.97,39.7,337.81,337.7,0.68,Bearish,45,"Near 52W low, RSI weak/oversold"
IRFC,Financial Services,98.86,-1.33,87.0,146.15,13.63,32.36,41.12,99.49,114.57,0.99,Bearish,45,"Near 52W low, RSI weak/oversold"
IOB,Financial Services,33.79,-0.09,31.2,42.8,8.3,21.05,42.71,33.93,36.67,0.3,Bearish,45,"Near 52W low, RSI weak/oversold"
JKCEMENT,Construction Materials,5464.0,-1.04,4822.5,7565.5,13.3,27.78,49.78,5373.85,5942.14,0.36,Bullish,45,"Near 52W low, Above 50 DMA"
CEATLTD,Automobile and Auto Components,3212.2,-1.86,3000.5,4438.0,7.06,27.62,39.71,3466.64,3615.81,0.55,Bearish,45,"Near 52W low, RSI weak/oversold"
KOTAKBANK,Financial Services,387.05,1.0,345.5,453.2,12.03,14.6,57.89,376.88,407.17,0.98,Bullish,45,"Near 52W low, Above 50 DMA"
LICI,Financial Services,799.15,-0.73,721.5,967.18,10.76,17.37,48.83,795.91,856.14,1.22,Bullish,45,"Near 52W low, Above 50 DMA"
WIPRO,Information Technology,190.0,0.9,186.5,266.23,1.88,28.63,35.8,197.76,229.83,0.93,Bearish,45,"Near 52W low, RSI weak/oversold"
LEMONTREE,Consumer Services,111.23,-1.14,99.61,180.68,11.67,38.44,40.19,112.38,143.56,0.23,Bearish,45,"Near 52W low, RSI weak/oversold"
WHIRLPOOL,Consumer Durables,855.25,0.5,756.85,1468.14,13.0,41.75,38.41,881.96,1058.58,0.44,Bearish,45,"Near 52W low, RSI weak/oversold"
PERSISTENT,Information Technology,4702.1,1.58,4449.1,6575.41,5.69,28.49,38.78,4950.72,5531.81,1.04,Bearish,45,"Near 52W low, RSI weak/oversold"
PETRONET,Oil Gas & Consumable Fuels,263.6,-3.0,235.35,326.4,12.0,19.24,38.46,273.52,277.18,1.1,Bearish,45,"Near 52W low, RSI weak/oversold"
PGEL,Consumer Durables,487.1,-0.95,436.55,836.08,11.58,41.74,35.88,525.04,569.35,0.59,Bearish,45,"Near 52W low, RSI weak/oversold"
SRF,Chemicals,2689.5,-1.46,2355.0,3314.53,14.2,18.86,56.85,2539.1,2827.49,0.55,Bullish,45,"Near 52W low, Above 50 DMA"
GLAXO,Healthcare,2438.8,0.91,2217.6,3515.7,9.97,30.63,53.19,2409.35,2575.63,0.58,Bullish,45,"Near 52W low, Above 50 DMA"
IEX,Financial Services,125.27,-0.93,112.82,209.53,11.04,40.21,49.33,122.95,131.56,0.38,Bullish,45,"Near 52W low, Above 50 DMA"
GILLETTE,Fast Moving Consumer Goods,7806.5,-0.73,7206.0,11214.86,8.33,30.39,44.01,7884.16,8656.82,0.74,Bearish,45,"Near 52W low, RSI weak/oversold"
ITCHOTELS,Consumer Services,155.48,0.08,137.3,261.62,13.24,40.57,44.55,157.41,198.6,1.16,Bearish,45,"Near 52W low, RSI weak/oversold"
CENTRALBK,Financial Services,34.15,-1.33,30.8,40.26,10.89,15.18,42.06,34.9,36.12,0.63,Bearish,45,"Near 52W low, RSI weak/oversold"
CDSL,Financial Services,1186.7,-1.0,1116.3,1814.11,6.31,34.58,37.34,1246.16,1438.18,0.64,Bearish,45,"Near 52W low, RSI weak/oversold"
ESCORTS,Capital Goods,3000.2,0.03,2710.1,4159.02,10.7,27.86,39.54,3137.62,3490.17,1.19,Bearish,45,"Near 52W low, RSI weak/oversold"
RELIANCE,Oil Gas & Consumable Fuels,1336.4,-1.87,1290.0,1611.8,3.6,17.09,38.85,1379.58,1431.1,1.03,Bearish,45,"Near 52W low, RSI weak/oversold"
POONAWALLA,Financial Services,413.35,-1.75,361.2,570.4,14.44,27.53,44.42,414.52,451.54,0.5,Bearish,45,"Near 52W low, RSI weak/oversold"
RVNL,Construction,283.0,-1.46,248.0,444.08,14.11,36.27,42.68,283.24,318.75,0.57,Bearish,45,"Near 52W low, RSI weak/oversold"
HDFCBANK,Financial Services,767.5,-0.27,726.65,1020.5,5.62,24.79,44.45,796.01,927.48,0.7,Bearish,45,"Near 52W low, RSI weak/oversold"
PNB,Financial Services,102.05,-2.46,95.0,135.15,7.42,24.49,34.15,110.77,115.65,1.07,Bearish,45,"Near 52W low, RSI weak/oversold"
HCLTECH,Information Technology,1132.6,0.77,1103.4,1746.66,2.65,35.16,26.71,1298.26,1452.96,0.65,Bearish,45,"Near 52W low, RSI weak/oversold"
GODREJCP,Fast Moving Consumer Goods,1039.2,0.57,962.27,1291.23,7.99,19.52,44.89,1059.53,1147.18,0.88,Bearish,45,"Near 52W low, RSI weak/oversold"
HAVELLS,Consumer Durables,1209.6,-0.1,1142.5,1616.16,5.87,25.16,41.07,1272.17,1412.51,0.42,Bearish,45,"Near 52W low, RSI weak/oversold"
GODIGIT,Financial Services,310.7,-0.77,293.7,381.4,5.79,18.54,44.26,321.26,341.26,0.8,Bearish,45,"Near 52W low, RSI weak/oversold"
COROMANDEL,Chemicals,1865.8,0.3,1814.9,2708.22,2.8,31.11,33.74,1998.34,2216.59,0.93,Bearish,45,"Near 52W low, RSI weak/oversold"
ITC,Fast Moving Consumer Goods,309.45,0.73,287.0,427.21,7.82,27.56,53.83,304.16,359.69,0.71,Bullish,45,"Near 52W low, Above 50 DMA"
INDIAMART,Consumer Services,1956.5,-0.75,1925.6,2799.0,1.6,30.1,29.68,2081.03,2297.94,0.76,Bearish,45,"Near 52W low, RSI weak/oversold"
IRB,Construction,20.3,-0.44,19.15,27.01,6.01,24.84,34.25,21.15,21.32,0.84,Bearish,45,"Near 52W low, RSI weak/oversold"
BATAINDIA,Consumer Durables,694.1,-1.62,605.0,1290.87,14.73,46.23,39.23,706.13,956.67,0.79,Bearish,45,"Near 52W low, RSI weak/oversold"
SBICARD,Financial Services,626.0,-0.88,615.5,1023.66,1.71,38.85,34.34,672.98,799.93,0.23,Bearish,45,"Near 52W low, RSI weak/oversold"
SBFC,Financial Services,91.4,-0.45,79.6,123.0,14.82,25.69,44.46,91.52,101.95,0.36,Bearish,45,"Near 52W low, RSI weak/oversold"
SWIGGY,Consumer Services,255.4,-0.51,251.55,474.0,1.53,46.12,36.55,278.51,363.03,0.75,Bearish,45,"Near 52W low, RSI weak/oversold"
BAYERCROP,Chemicals,4349.8,-0.3,4273.0,6344.3,1.8,31.44,29.63,4636.99,4793.39,0.98,Bearish,45,"Near 52W low, RSI weak/oversold"
TEGA,Capital Goods,1585.3,0.55,1431.71,2125.0,10.73,25.4,39.34,1689.72,1838.13,0.67,Bearish,45,"Near 52W low, RSI weak/oversold"
TCS,Information Technology,2264.0,0.8,2206.4,3479.74,2.61,34.94,29.8,2457.04,2880.78,0.92,Bearish,45,"Near 52W low, RSI weak/oversold"
DIXON,Consumer Durables,10979.0,-1.12,9600.0,18471.0,14.36,40.56,50.77,10661.64,13594.64,0.91,Bullish,45,"Near 52W low, Above 50 DMA"
EIDPARRY,Fast Moving Consumer Goods,789.45,-0.85,750.95,1246.8,5.13,36.68,34.93,827.36,983.94,0.47,Bearish,45,"Near 52W low, RSI weak/oversold"
TATACAP,Financial Services,307.95,-0.61,300.15,367.3,2.6,16.16,36.93,321.71,,0.49,Bearish,45,"Near 52W low, RSI weak/oversold"
AMBUJACEM,Construction Materials,433.75,-2.29,394.0,624.95,10.09,30.59,44.73,442.0,529.01,0.76,Bearish,45,"Near 52W low, RSI weak/oversold"
MPHASIS,Information Technology,2083.2,-1.51,2013.0,3037.2,3.49,31.41,33.26,2222.17,2629.33,0.8,Bearish,45,"Near 52W low, RSI weak/oversold"
MSUMI,Automobile and Auto Components,40.07,0.07,35.7,53.59,12.24,25.23,48.06,39.6,43.63,0.31,Bullish,45,"Near 52W low, Above 50 DMA"
MRF,Automobile and Auto Components,128640.0,1.73,123455.0,163593.54,4.2,21.37,43.47,132327.1,145295.41,0.75,Bearish,45,"Near 52W low, RSI weak/oversold"
ZENSARTECH,Information Technology,488.4,0.71,481.2,879.31,1.5,44.46,33.35,545.07,687.33,0.76,Bearish,45,"Near 52W low, RSI weak/oversold"
JYOTICNC,Capital Goods,707.35,-1.88,686.75,1330.0,3.0,46.82,37.13,754.73,880.91,0.33,Bearish,45,"Near 52W low, RSI weak/oversold"
NHPC,Power,76.79,-2.12,71.62,90.16,7.22,14.83,38.86,78.26,79.31,0.63,Bearish,45,"Near 52W low, RSI weak/oversold"
3MINDIA,Diversified,31245.0,0.16,27360.02,38030.0,14.2,17.84,41.57,32308.2,32769.88,0.24,Bearish,45,"Near 52W low, RSI weak/oversold"
ACC,Construction Materials,1362.8,-1.12,1251.7,2028.8,8.88,32.83,41.36,1404.59,1692.85,0.47,Bearish,45,"Near 52W low, RSI weak/oversold"
ZYDUSWELL,Fast Moving Consumer Goods,502.15,-1.07,357.47,552.4,40.47,9.1,53.71,464.23,445.98,0.45,Bullish,40,"Above 50 DMA, Above 200 DMA"
360ONE,Financial Services,1093.8,-0.75,900.82,1260.04,21.42,13.19,57.16,1037.45,1084.65,0.56,Bullish,40,"Above 50 DMA, Above 200 DMA"
ABB,Capital Goods,6381.0,-0.75,4618.61,7790.64,38.16,18.09,37.06,6587.36,5569.16,0.47,Bearish,40,"RSI weak/oversold, Above 200 DMA"
AIAENG,Capital Goods,3856.3,0.04,2985.49,4206.1,29.17,8.32,48.84,3775.88,3584.67,0.4,Bullish,40,"Above 50 DMA, Above 200 DMA"
APLAPOLLO,Capital Goods,1890.2,0.01,1486.81,2301.4,27.13,17.87,41.31,1991.33,1856.76,0.47,Bearish,40,"RSI weak/oversold, Above 200 DMA"
AUBANK,Financial Services,990.5,-1.41,679.86,1079.55,45.69,8.25,47.41,962.24,894.79,0.76,Bullish,40,"Above 50 DMA, Above 200 DMA"
AARTIIND,Chemicals,466.25,-0.37,338.05,523.1,37.92,10.87,48.66,445.75,403.08,0.21,Bullish,40,"Above 50 DMA, Above 200 DMA"
KEI,Capital Goods,5117.5,-0.53,3391.98,5303.0,50.87,3.5,61.23,4635.94,4283.49,0.72,Bullish,40,"Above 50 DMA, Above 200 DMA"
NLCINDIA,Power,352.8,-4.88,216.34,387.8,63.08,9.03,65.81,286.84,259.16,1.18,Bullish,40,"Above 50 DMA, Above 200 DMA"
NMDC,Metals & Mining,91.41,-1.93,63.94,94.25,42.97,3.01,59.75,84.09,76.99,1.01,Bullish,40,"Above 50 DMA, Above 200 DMA"
NSLNISP,Metals & Mining,43.8,-3.05,33.01,49.65,32.69,11.78,57.89,39.79,41.42,1.14,Bullish,40,"Above 50 DMA, Above 200 DMA"
NTPCGREEN,Power,107.99,-1.39,84.0,119.95,28.56,9.97,51.13,102.06,98.25,0.41,Bullish,40,"Above 50 DMA, Above 200 DMA"
NTPC,Power,395.25,-0.26,313.09,414.4,26.24,4.62,52.04,386.44,347.72,0.8,Bullish,40,"Above 50 DMA, Above 200 DMA"
MCX,Financial Services,3391.0,1.55,1226.22,3423.0,176.54,0.93,81.19,2733.4,2139.88,1.25,Bullish,40,"Above 50 DMA, Above 200 DMA"
NATCOPHARM,Healthcare,1199.1,-0.44,786.24,1226.8,52.51,2.26,68.84,1058.15,915.52,0.88,Bullish,40,"Above 50 DMA, Above 200 DMA"
MANAPPURAM,Financial Services,307.45,-1.17,225.95,320.55,36.07,4.09,59.7,275.97,282.3,0.88,Bullish,40,"Above 50 DMA, Above 200 DMA"
MARICO,Fast Moving Consumer Goods,841.15,0.74,673.59,848.8,24.88,0.9,71.83,773.65,743.65,0.8,Bullish,40,"Above 50 DMA, Above 200 DMA"
MAZDOCK,Capital Goods,2481.8,-1.63,2057.4,3751.65,20.63,33.85,43.7,2470.36,2589.37,0.37,Bullish,40,"RSI weak/oversold, Above 50 DMA"
LLOYDSME,Metals & Mining,1734.0,-1.42,1042.9,1846.0,66.27,6.07,62.44,1478.76,1340.37,0.41,Bullish,40,"Above 50 DMA, Above 200 DMA"
LODHA,Realty,849.95,-2.62,650.8,1525.97,30.6,44.3,43.79,847.01,1065.67,0.48,Bullish,40,"RSI weak/oversold, Above 50 DMA"
AMBER,Consumer Durables,8476.5,2.27,5400.5,8974.0,56.96,5.54,61.15,7478.86,7357.44,1.3,Bullish,40,"Above 50 DMA, Above 200 DMA"
ANANDRATHI,Financial Services,3583.1,0.42,1756.54,3727.69,103.99,3.88,61.06,3349.46,3044.43,0.61,Bullish,40,"Above 50 DMA, Above 200 DMA"
ABSLAMC,Financial Services,1030.4,-3.54,658.51,1123.5,56.48,8.29,50.08,988.73,857.92,0.27,Bullish,40,"Above 50 DMA, Above 200 DMA"
ACUTAAS,Healthcare,2731.0,0.15,1057.92,2849.9,158.15,4.17,61.54,2402.62,1821.3,0.36,Bullish,40,"Above 50 DMA, Above 200 DMA"
ADANIENSOL,Power,1303.6,-1.18,744.9,1463.65,75.0,10.93,53.19,1151.74,980.28,1.0,Bullish,40,"Above 50 DMA, Above 200 DMA"
ADANIPOWER,Power,221.33,-1.41,105.42,234.4,109.95,5.58,61.88,181.83,151.01,1.14,Bullish,40,"Above 50 DMA, Above 200 DMA"
TIMKEN,Capital Goods,3531.2,0.46,2800.5,3679.6,26.09,4.03,53.69,3420.39,3148.66,0.25,Bullish,40,"Above 50 DMA, Above 200 DMA"
TITAN,Consumer Durables,4169.1,0.82,3303.1,4605.0,26.22,9.47,43.31,4257.8,3916.45,0.61,Bearish,40,"RSI weak/oversold, Above 200 DMA"
TORNTPHARM,Healthcare,4405.7,0.04,3075.03,4555.1,43.27,3.28,58.77,4249.51,3871.27,1.08,Bullish,40,"Above 50 DMA, Above 200 DMA"
TORNTPOWER,Power,1466.0,0.57,1175.82,1824.1,24.68,19.63,35.4,1530.31,1365.41,0.41,Bearish,40,"RSI weak/oversold, Above 200 DMA"
TATACONSUM,Fast Moving Consumer Goods,1234.0,0.46,1007.2,1282.7,22.52,3.8,65.53,1116.57,1133.37,1.04,Bullish,40,"Above 50 DMA, Above 200 DMA"
THERMAX,Capital Goods,4500.4,-2.12,2742.7,4880.0,64.09,7.78,65.26,3697.28,3275.28,0.3,Bullish,40,"Above 50 DMA, Above 200 DMA"
TATAPOWER,Power,407.0,-0.21,342.5,464.9,18.83,12.45,38.94,409.09,390.1,0.56,Bearish,40,"RSI weak/oversold, Above 200 DMA"
SYRMA,Capital Goods,1013.25,-1.5,499.08,1188.0,103.03,14.71,55.25,887.04,807.85,0.51,Bullish,40,"Above 50 DMA, Above 200 DMA"
TATACOMM,Telecommunication,1680.0,1.44,1322.5,2004.0,27.03,16.17,66.69,1502.21,1671.5,0.87,Bullish,40,"Above 50 DMA, Above 200 DMA"
MAHABANK,Financial Services,78.02,-0.61,49.37,85.9,58.03,9.17,51.91,72.05,61.96,0.33,Bullish,40,"Above 50 DMA, Above 200 DMA"
BELRISE,Automobile and Auto Components,209.46,-0.1,88.81,228.8,135.85,8.45,49.1,201.38,169.74,1.19,Bullish,40,"Above 50 DMA, Above 200 DMA"
BERGEPAINT,Consumer Durables,533.45,-0.08,391.1,600.97,36.4,11.23,71.12,452.23,510.63,0.5,Bullish,40,"Above 50 DMA, Above 200 DMA"
DEEPAKNTR,Chemicals,1826.4,-0.75,1280.0,2165.04,42.69,15.64,68.83,1560.9,1673.65,0.43,Bullish,40,"Above 50 DMA, Above 200 DMA"
DIVISLAB,Healthcare,6760.5,-2.33,5636.5,7039.45,19.94,3.96,64.06,6290.23,6298.51,1.11,Bullish,40,"Above 50 DMA, Above 200 DMA"
LALPATHLAB,Healthcare,1602.9,0.17,1272.6,1761.62,25.95,9.01,63.13,1416.4,1496.12,0.66,Bullish,40,"Above 50 DMA, Above 200 DMA"
DRREDDY,Healthcare,1336.7,2.54,1148.4,1375.9,16.4,2.85,59.87,1276.34,1259.5,1.21,Bullish,40,"Above 50 DMA, Above 200 DMA"
RKFORGE,Automobile and Auto Components,573.95,-1.25,459.41,690.39,24.93,16.87,49.31,550.24,546.59,0.23,Bullish,40,"Above 50 DMA, Above 200 DMA"
RBLBANK,Financial Services,338.1,0.27,203.16,349.9,66.42,3.37,57.35,314.88,299.8,0.59,Bullish,40,"Above 50 DMA, Above 200 DMA"
RHIM,Capital Goods,388.3,-1.58,323.05,534.89,20.2,27.41,43.91,387.78,444.5,0.91,Bullish,40,"RSI weak/oversold, Above 50 DMA"
RITES,Construction,211.21,-1.05,175.0,306.23,20.69,31.03,44.75,206.61,231.13,0.49,Bullish,40,"RSI weak/oversold, Above 50 DMA"
RADICO,Fast Moving Consumer Goods,3499.2,1.1,2431.97,3591.9,43.88,2.58,68.17,2994.15,2992.56,0.95,Bullish,40,"Above 50 DMA, Above 200 DMA"
RAINBOW,Healthcare,1336.2,1.52,1084.0,1645.7,23.27,18.81,65.59,1221.72,1323.94,0.91,Bullish,40,"Above 50 DMA, Above 200 DMA"
POLYCAB,Capital Goods,9152.5,-0.71,5727.95,9267.5,59.79,1.24,70.98,7895.09,7529.47,0.4,Bullish,40,"Above 50 DMA, Above 200 DMA"
PFC,Financial Services,445.75,-1.26,324.11,486.5,37.53,8.38,49.08,431.14,391.95,0.49,Bullish,40,"Above 50 DMA, Above 200 DMA"
PREMIERENE,Capital Goods,981.6,0.43,666.41,1162.18,47.3,15.54,50.14,922.61,932.27,0.59,Bullish,40,"Above 50 DMA, Above 200 DMA"
PRESTIGE,Realty,1342.2,-2.01,1090.0,1811.91,23.14,25.92,43.73,1327.06,1533.45,0.38,Bullish,40,"RSI weak/oversold, Above 50 DMA"
RRKABEL,Capital Goods,1953.8,-4.1,1161.67,2049.0,68.19,4.65,71.77,1523.62,1395.71,0.52,Bullish,40,"Above 50 DMA, Above 200 DMA"
PHOENIXLTD,Realty,1738.5,-1.24,1400.25,1993.0,24.16,12.77,48.11,1678.08,1674.37,0.4,Bullish,40,"Above 50 DMA, Above 200 DMA"
PIDILITIND,Chemicals,1467.7,-1.09,1259.0,1574.95,16.58,6.81,60.89,1380.02,1462.19,0.83,Bullish,40,"Above 50 DMA, Above 200 DMA"
HDFCAMC,Financial Services,2703.5,0.44,2205.6,2967.25,22.57,8.89,51.11,2575.9,2692.51,0.48,Bullish,40,"Above 50 DMA, Above 200 DMA"
HFCL,Telecommunication,147.89,-2.44,59.82,155.3,147.23,4.77,77.65,93.98,76.96,0.38,Bullish,40,"Above 50 DMA, Above 200 DMA"
GRAVITA,Metals & Mining,1688.1,-0.22,1266.9,2170.0,33.25,22.21,54.59,1549.67,1665.15,0.67,Bullish,40,"Above 50 DMA, Above 200 DMA"
FLUOROCHEM,Chemicals,3713.5,0.6,2916.6,4046.8,27.32,8.24,63.86,3362.64,3478.22,0.27,Bullish,40,"Above 50 DMA, Above 200 DMA"
GMDCLTD,Metals & Mining,652.6,-1.64,314.59,771.9,107.44,15.46,45.87,624.68,557.48,0.8,Bullish,40,"Above 50 DMA, Above 200 DMA"
GPIL,Capital Goods,287.9,-0.47,174.51,312.75,64.97,7.95,47.22,279.88,254.95,0.47,Bullish,40,"Above 50 DMA, Above 200 DMA"
GODREJIND,Diversified,1135.05,-1.57,744.2,1390.0,52.52,18.34,62.68,932.33,1047.48,0.32,Bullish,40,"Above 50 DMA, Above 200 DMA"
GODREJPROP,Realty,1714.1,-1.12,1434.0,2506.5,19.53,31.61,44.15,1698.03,1931.27,0.39,Bullish,40,"RSI weak/oversold, Above 50 DMA"
GRANULES,Healthcare,736.2,0.12,432.6,761.4,70.18,3.31,68.78,647.21,571.7,0.4,Bullish,40,"Above 50 DMA, Above 200 DMA"
GABRIEL,Automobile and Auto Components,1091.0,-0.59,579.76,1385.5,88.18,21.26,63.57,957.38,1059.61,0.32,Bullish,40,"Above 50 DMA, Above 200 DMA"
GRSE,Capital Goods,2685.9,-0.72,1963.7,3513.72,36.78,23.56,46.25,2570.02,2539.62,0.47,Bullish,40,"Above 50 DMA, Above 200 DMA"
GLAND,Healthcare,1868.3,-1.58,1438.8,2111.33,29.85,11.51,57.43,1740.36,1824.56,1.0,Bullish,40,"Above 50 DMA, Above 200 DMA"
GLENMARK,Healthcare,2325.9,-0.63,1366.65,2474.0,70.19,5.99,53.42,2230.35,2041.88,0.36,Bullish,40,"Above 50 DMA, Above 200 DMA"
INDIANB,Financial Services,820.6,-1.34,563.78,1000.9,45.55,18.01,37.35,893.1,817.31,0.82,Bearish,40,"RSI weak/oversold, Above 200 DMA"
IFCI,Financial Services,63.29,-2.78,44.11,74.5,43.48,15.05,57.84,57.19,55.66,0.79,Bullish,40,"Above 50 DMA, Above 200 DMA"
IRCON,Construction,142.64,-2.06,114.5,222.46,24.58,35.88,43.34,139.72,158.39,0.43,Bullish,40,"RSI weak/oversold, Above 50 DMA"
DEEPAKFERT,Chemicals,1318.5,1.47,866.4,1765.95,52.18,25.34,62.57,1103.69,1278.6,0.94,Bullish,40,"Above 50 DMA, Above 200 DMA"
CAMS,Financial Services,784.0,-0.24,611.4,860.94,28.23,8.94,57.27,709.59,741.31,0.5,Bullish,40,"Above 50 DMA, Above 200 DMA"
CONCOR,Services,518.8,-0.79,421.45,641.23,23.1,19.09,57.13,483.49,513.33,0.42,Bullish,40,"Above 50 DMA, Above 200 DMA"
CRAFTSMAN,Automobile and Auto Components,8462.5,-1.22,5095.71,9738.0,66.07,13.1,63.09,7495.12,7163.02,0.27,Bullish,40,"Above 50 DMA, Above 200 DMA"
CREDITACC,Financial Services,1315.2,-0.87,1083.9,1568.0,21.34,16.12,48.41,1251.94,1308.23,0.23,Bullish,40,"Above 50 DMA, Above 200 DMA"
CUMMINSIND,Capital Goods,5392.0,0.47,2836.33,5470.5,90.11,1.43,62.73,4947.5,4344.68,0.99,Bullish,40,"Above 50 DMA, Above 200 DMA"
CUB,Financial Services,250.65,1.56,185.3,324.1,35.26,22.66,42.84,255.1,249.99,0.41,Bearish,40,"RSI weak/oversold, Above 200 DMA"
CLEAN,Chemicals,766.65,-6.28,652.0,1590.61,17.58,51.8,43.46,756.68,928.38,0.56,Bullish,40,"RSI weak/oversold, Above 50 DMA"
COALINDIA,Oil Gas & Consumable Fuels,462.2,1.79,345.88,491.25,33.63,5.91,52.11,454.08,403.03,0.71,Bullish,40,"Above 50 DMA, Above 200 DMA"
COLPAL,Fast Moving Consumer Goods,2160.0,0.62,1782.0,2688.8,21.21,19.67,58.37,2038.69,2155.37,0.77,Bullish,40,"Above 50 DMA, Above 200 DMA"
FINCABLES,Capital Goods,1050.9,-2.18,700.8,1172.8,49.96,10.39,59.1,930.09,830.39,0.38,Bullish,40,"Above 50 DMA, Above 200 DMA"
FORTIS,Healthcare,963.65,-0.72,666.41,1104.3,44.6,12.74,62.07,885.48,921.33,0.53,Bullish,40,"Above 50 DMA, Above 200 DMA"
GVT&D,Capital Goods,4342.6,0.11,1727.04,4849.0,151.45,10.44,51.63,4054.43,3264.95,0.45,Bullish,40,"Above 50 DMA, Above 200 DMA"
GMRAIRPORT,Services,96.59,-0.21,79.92,110.36,20.86,12.48,50.1,94.36,95.14,0.59,Bullish,40,"Above 50 DMA, Above 200 DMA"
ENGINERSIN,Construction,246.75,-2.87,162.35,267.0,51.98,7.58,54.16,220.94,202.65,0.68,Bullish,40,"Above 50 DMA, Above 200 DMA"
NYKAA,Consumer Services,272.4,-0.22,191.16,285.6,42.5,4.62,58.16,256.29,250.23,0.93,Bullish,40,"Above 50 DMA, Above 200 DMA"
FACT,Chemicals,882.7,0.35,652.1,1111.56,35.36,20.59,51.65,836.74,876.28,0.88,Bullish,40,"Above 50 DMA, Above 200 DMA"
EICHERMOT,Automobile and Auto Components,7014.5,-0.28,5152.69,8230.0,36.13,14.77,44.35,7107.55,6959.39,0.7,Bearish,40,"RSI weak/oversold, Above 200 DMA"
ELGIEQUIP,Capital Goods,523.25,-0.22,408.25,608.4,28.17,14.0,45.21,515.84,496.43,0.42,Bullish,40,"Above 50 DMA, Above 200 DMA"
EMCURE,Healthcare,1704.9,1.74,1037.85,1830.0,64.27,6.84,57.28,1585.61,1456.02,0.57,Bullish,40,"Above 50 DMA, Above 200 DMA"
POWERINDIA,Capital Goods,32535.0,0.76,15422.53,35095.0,110.96,7.29,58.72,28395.2,21848.62,0.82,Bullish,40,"Above 50 DMA, Above 200 DMA"
HOMEFIRST,Financial Services,1075.8,-1.14,893.7,1519.0,20.38,29.18,41.74,1067.92,1162.89,0.72,Bullish,40,"RSI weak/oversold, Above 50 DMA"
HSCL,Chemicals,596.0,-3.41,418.5,654.45,42.41,8.93,58.98,508.26,475.69,0.56,Bullish,40,"Above 50 DMA, Above 200 DMA"
HINDZINC,Metals & Mining,637.8,-4.7,406.08,719.85,57.06,11.4,59.98,570.9,526.49,1.14,Bullish,40,"Above 50 DMA, Above 200 DMA"
J&KBANK,Financial Services,130.7,-1.02,97.35,145.0,34.26,9.86,50.84,124.9,109.09,0.31,Bullish,40,"Above 50 DMA, Above 200 DMA"
JINDALSAW,Capital Goods,229.09,-1.96,153.0,260.4,49.73,12.02,51.79,209.58,191.99,0.4,Bullish,40,"Above 50 DMA, Above 200 DMA"
JINDALSTEL,Metals & Mining,1232.0,-1.66,880.9,1306.2,39.86,5.68,49.7,1205.28,1090.9,0.9,Bullish,40,"Above 50 DMA, Above 200 DMA"
JBCHEPHARM,Healthcare,2140.4,0.12,1586.72,2224.9,34.89,3.8,58.95,2060.42,1845.5,0.78,Bullish,40,"Above 50 DMA, Above 200 DMA"
JBMA,Automobile and Auto Components,641.6,-1.36,477.0,790.0,34.51,18.78,54.97,586.09,613.39,0.35,Bullish,40,"Above 50 DMA, Above 200 DMA"
JSWENERGY,Power,515.05,0.44,427.75,585.65,20.41,12.05,41.22,519.02,509.25,1.14,Bearish,40,"RSI weak/oversold, Above 200 DMA"
INDUSINDBK,Financial Services,886.4,-2.37,710.6,968.85,24.74,8.51,49.26,861.13,836.09,0.57,Bullish,40,"Above 50 DMA, Above 200 DMA"
IKS,Information Technology,1595.3,-4.64,1262.0,1876.0,26.41,14.96,51.64,1464.11,1567.03,0.62,Bullish,40,"Above 50 DMA, Above 200 DMA"
GROWW,Financial Services,187.67,-1.18,112.0,227.2,67.56,17.4,42.43,183.59,,0.32,Bullish,40,"RSI weak/oversold, Above 50 DMA"
SUNPHARMA,Healthcare,1878.2,0.81,1538.01,1887.9,22.12,0.51,64.96,1763.51,1700.66,0.51,Bullish,40,"Above 50 DMA, Above 200 DMA"
SUZLON,Capital Goods,53.84,0.69,38.19,74.3,40.98,27.54,57.13,47.31,52.54,0.81,Bullish,40,"Above 50 DMA, Above 200 DMA"
SONACOMS,Automobile and Auto Components,573.55,-2.38,401.0,614.0,43.03,6.59,50.32,544.19,489.58,0.57,Bullish,40,"Above 50 DMA, Above 200 DMA"
STARHEALTH,Financial Services,501.7,-1.05,402.6,586.25,24.62,14.42,48.01,484.03,467.12,0.16,Bullish,40,"Above 50 DMA, Above 200 DMA"
SAIL,Metals & Mining,192.4,-3.36,116.64,209.7,64.95,8.25,61.38,167.58,144.9,0.8,Bullish,40,"Above 50 DMA, Above 200 DMA"
SCHNEIDER,Capital Goods,1264.3,-3.86,571.85,1370.0,121.09,7.72,59.05,1042.18,864.44,0.33,Bullish,40,"Above 50 DMA, Above 200 DMA"
SCI,Services,331.4,1.38,162.79,368.75,103.57,10.13,65.7,269.9,235.68,0.88,Bullish,40,"Above 50 DMA, Above 200 DMA"
SHRIRAMFIN,Financial Services,937.9,0.3,563.07,1108.0,66.57,15.35,43.05,979.93,846.29,0.91,Bearish,40,"RSI weak/oversold, Above 200 DMA"
SHYAMMETL,Capital Goods,877.25,-0.62,746.0,998.67,17.59,12.16,54.04,828.79,867.21,0.86,Bullish,40,"Above 50 DMA, Above 200 DMA"
SIEMENS,Capital Goods,3587.9,-2.87,2826.0,3930.0,26.96,8.7,47.85,3431.08,3213.45,0.63,Bullish,40,"Above 50 DMA, Above 200 DMA"
MOTHERSON,Automobile and Auto Components,129.92,3.02,89.42,135.73,45.29,4.28,58.09,120.08,112.55,1.19,Bullish,40,"Above 50 DMA, Above 200 DMA"
SARDAEN,Metals & Mining,544.7,-3.39,419.7,639.75,29.78,14.86,39.24,555.08,534.13,0.88,Bearish,40,"RSI weak/oversold, Above 200 DMA"
INDUSTOWER,Telecommunication,430.15,1.85,312.55,481.5,37.63,10.66,59.18,422.86,400.12,1.06,Bullish,40,"Above 50 DMA, Above 200 DMA"
PNBHOUSING,Financial Services,1069.4,-0.03,729.6,1136.11,46.57,5.87,67.96,899.1,883.34,0.23,Bullish,40,"Above 50 DMA, Above 200 DMA"
PTCIL,Capital Goods,16788.0,0.53,13251.0,19387.0,26.69,13.41,54.64,16514.52,16604.63,0.9,Bullish,40,"Above 50 DMA, Above 200 DMA"
PARADEEP,Chemicals,120.46,-2.17,99.7,233.32,20.82,48.37,43.28,119.68,156.34,0.49,Bullish,40,"RSI weak/oversold, Above 50 DMA"
PATANJALI,Fast Moving Consumer Goods,459.85,2.2,438.0,648.84,4.99,29.13,48.77,469.98,542.5,3.24,Bearish,40,"Near 52W low, Volume expansion"
ONESOURCE,Healthcare,1834.8,0.82,1057.0,2248.0,73.59,18.38,66.26,1566.91,1665.78,0.33,Bullish,40,"Above 50 DMA, Above 200 DMA"
OFSS,Information Technology,9015.0,1.24,6060.86,9622.33,48.74,6.31,63.3,7609.81,7819.05,0.71,Bullish,40,"Above 50 DMA, Above 200 DMA"
NAM-INDIA,Financial Services,1100.6,0.76,682.91,1117.9,61.16,1.55,63.04,940.89,881.84,0.64,Bullish,40,"Above 50 DMA, Above 200 DMA"
NIVABUPA,Financial Services,79.83,-0.67,67.5,95.21,18.27,16.15,53.97,75.16,77.67,0.26,Bullish,40,"Above 50 DMA, Above 200 DMA"
NUVAMA,Financial Services,1458.5,-0.37,1086.51,1632.29,34.24,10.65,57.75,1282.42,1329.93,0.58,Bullish,40,"Above 50 DMA, Above 200 DMA"
ONGC,Oil Gas & Consumable Fuels,299.35,-0.52,219.43,307.5,36.42,2.65,60.94,282.19,248.64,0.77,Bullish,40,"Above 50 DMA, Above 200 DMA"
OIL,Oil Gas & Consumable Fuels,518.3,0.14,374.37,531.0,38.45,2.39,66.63,476.55,433.8,0.55,Bullish,40,"Above 50 DMA, Above 200 DMA"
NH,Healthcare,1841.1,1.19,1589.0,2364.63,15.87,22.14,56.52,1746.58,1810.69,1.14,Bullish,40,"Above 50 DMA, Above 200 DMA"
NATIONALUM,Metals & Mining,403.6,-3.09,164.75,442.94,144.98,8.88,48.32,400.6,294.6,0.99,Bullish,40,"Above 50 DMA, Above 200 DMA"
NAVINFLUOR,Chemicals,7001.0,1.57,4178.91,7200.0,67.53,2.76,64.88,6419.09,5731.52,0.16,Bullish,40,"Above 50 DMA, Above 200 DMA"
NESTLEIND,Fast Moving Consumer Goods,1430.5,-1.99,1078.87,1498.1,32.59,4.51,58.05,1308.81,1250.36,1.2,Bullish,40,"Above 50 DMA, Above 200 DMA"
NETWEB,Information Technology,3840.5,-1.72,1698.04,4492.0,126.17,14.5,47.92,3597.63,3267.64,0.46,Bullish,40,"Above 50 DMA, Above 200 DMA"
NEULANDLAB,Healthcare,16590.0,-0.54,10569.25,19747.0,56.96,15.99,61.54,14147.78,14715.3,1.29,Bullish,40,"Above 50 DMA, Above 200 DMA"
LT,Construction,3909.0,-0.8,3288.1,4440.0,18.88,11.96,46.68,3853.08,3871.96,0.51,Bullish,40,"Above 50 DMA, Above 200 DMA"
LAURUSLABS,Healthcare,1323.6,0.62,583.44,1327.9,126.86,0.32,81.15,1090.57,991.95,0.95,Bullish,40,"Above 50 DMA, Above 200 DMA"
LINDEINDIA,Chemicals,7352.0,-0.83,5673.0,8049.0,29.6,8.66,49.92,7181.63,6438.58,0.35,Bullish,40,"Above 50 DMA, Above 200 DMA"
KIMS,Healthcare,761.65,-1.51,575.8,798.4,32.28,4.6,65.78,676.77,688.98,0.87,Bullish,40,"Above 50 DMA, Above 200 DMA"
M&MFIN,Financial Services,320.65,-0.08,246.33,412.2,30.17,22.21,52.2,316.07,320.03,0.37,Bullish,40,"Above 50 DMA, Above 200 DMA"
WOCKPHARMA,Healthcare,1545.9,-0.08,1086.7,1868.8,42.26,17.28,58.09,1359.01,1404.86,0.36,Bullish,40,"Above 50 DMA, Above 200 DMA"
YESBANK,Financial Services,22.07,-0.54,17.2,24.3,28.31,9.18,64.84,19.73,21.0,0.78,Bullish,40,"Above 50 DMA, Above 200 DMA"
ZFCVINDIA,Automobile and Auto Components,14516.0,2.8,12302.0,16665.0,18.0,12.9,49.62,14273.48,14034.85,0.82,Bullish,40,"Above 50 DMA, Above 200 DMA"
ZENTEC,Capital Goods,1554.9,-0.26,1223.0,2264.81,27.14,31.35,47.17,1510.32,1433.26,0.28,Bullish,40,"Above 50 DMA, Above 200 DMA"
VBL,Fast Moving Consumer Goods,503.8,-0.27,380.16,534.19,32.52,5.69,59.69,451.54,468.08,0.48,Bullish,40,"Above 50 DMA, Above 200 DMA"
VIJAYA,Healthcare,1329.2,4.67,848.0,1379.3,56.75,3.63,76.19,1030.13,1022.69,1.03,Bullish,40,"Above 50 DMA, Above 200 DMA"
ATHERENERG,Automobile and Auto Components,937.4,-0.31,301.0,989.4,211.43,5.26,58.24,826.23,664.04,0.82,Bullish,40,"Above 50 DMA, Above 200 DMA"
ATUL,Chemicals,7100.0,1.87,5560.5,7762.06,27.69,8.53,63.86,6540.14,6266.48,0.48,Bullish,40,"Above 50 DMA, Above 200 DMA"
AUROPHARMA,Healthcare,1511.8,0.06,1016.1,1528.0,48.78,1.06,74.4,1356.44,1195.14,0.58,Bullish,40,"Above 50 DMA, Above 200 DMA"
CGCL,Financial Services,185.01,-0.71,150.35,214.0,23.05,13.55,49.01,177.31,183.34,0.95,Bullish,40,"Above 50 DMA, Above 200 DMA"
CCL,Fast Moving Consumer Goods,1116.3,0.4,716.87,1217.5,55.72,8.31,50.27,1088.7,969.84,0.5,Bullish,40,"Above 50 DMA, Above 200 DMA"
CESC,Power,180.09,-2.37,138.12,204.5,30.39,11.94,52.32,167.2,163.79,0.25,Bullish,40,"Above 50 DMA, Above 200 DMA"
CGPOWER,Capital Goods,838.2,-1.18,524.34,886.8,59.86,5.48,59.16,755.24,705.98,0.41,Bullish,40,"Above 50 DMA, Above 200 DMA"
BOSCHLTD,Automobile and Auto Components,37740.0,2.15,28610.0,41945.0,31.91,10.03,59.32,34428.8,36939.05,0.91,Bullish,40,"Above 50 DMA, Above 200 DMA"
BHEL,Capital Goods,398.3,-3.59,205.12,417.9,94.18,4.69,69.14,305.79,267.17,0.64,Bullish,40,"Above 50 DMA, Above 200 DMA"
LTF,Financial Services,280.75,-0.2,167.02,329.45,68.09,14.78,47.08,274.28,270.55,0.57,Bullish,40,"Above 50 DMA, Above 200 DMA"
KAJARIACER,Consumer Durables,1064.4,-0.03,863.95,1309.03,23.2,18.69,42.95,1048.71,1091.73,0.44,Bullish,40,"RSI weak/oversold, Above 50 DMA"
KARURVYSYA,Financial Services,299.05,3.12,179.94,343.45,66.19,12.93,53.69,289.66,258.88,0.78,Bullish,40,"Above 50 DMA, Above 200 DMA"
JUBLINGREA,Chemicals,731.8,-0.41,537.3,846.0,36.2,13.5,60.26,641.35,675.66,0.36,Bullish,40,"Above 50 DMA, Above 200 DMA"
JWL,Capital Goods,275.15,-2.22,235.65,455.87,16.76,39.64,44.86,274.29,304.87,0.42,Bullish,40,"RSI weak/oversold, Above 50 DMA"
UNIONBANK,Financial Services,161.94,-1.8,124.64,205.49,29.93,21.19,37.2,176.7,158.07,0.51,Bearish,40,"RSI weak/oversold, Above 200 DMA"
USHAMART,Capital Goods,472.95,-0.69,299.9,497.1,57.7,4.86,59.04,432.98,425.76,0.43,Bullish,40,"Above 50 DMA, Above 200 DMA"
VTL,Textiles,606.95,0.16,379.29,647.0,60.02,6.19,57.73,564.19,468.85,0.4,Bullish,40,"Above 50 DMA, Above 200 DMA"
TRITURBINE,Capital Goods,606.95,4.91,428.35,669.59,41.69,9.35,67.51,507.86,519.37,0.65,Bullish,40,"Above 50 DMA, Above 200 DMA"
ANGELONE,Financial Services,306.85,1.04,206.76,334.95,48.41,8.39,54.49,270.63,252.84,0.82,Bullish,40,"Above 50 DMA, Above 200 DMA"
ANTHEM,Healthcare,783.3,-4.49,579.15,873.5,35.25,10.33,58.99,710.45,713.41,0.99,Bullish,40,"Above 50 DMA, Above 200 DMA"
ANURAS,Chemicals,1376.0,0.05,889.22,1415.0,54.74,2.76,65.15,1290.9,1214.14,0.5,Bullish,40,"Above 50 DMA, Above 200 DMA"
APARINDS,Capital Goods,12650.0,-0.67,6801.0,13024.0,86.0,2.87,61.67,11011.25,9269.29,0.51,Bullish,40,"Above 50 DMA, Above 200 DMA"
APOLLOHOSP,Healthcare,8082.5,-0.45,6687.62,8180.0,20.86,1.19,64.97,7646.2,7496.82,0.79,Bullish,40,"Above 50 DMA, Above 200 DMA"
AJANTPHARM,Healthcare,3177.2,-2.52,2304.06,3289.9,37.9,3.43,66.58,2907.57,2697.79,1.01,Bullish,40,"Above 50 DMA, Above 200 DMA"
ALKEM,Healthcare,5486.0,-1.62,4670.8,5886.05,17.45,6.8,50.67,5427.28,5457.47,0.65,Bullish,40,"Above 50 DMA, Above 200 DMA"
BDL,Capital Goods,1325.4,-2.05,1086.0,2088.32,22.04,36.53,44.72,1320.72,1437.84,0.7,Bullish,40,"RSI weak/oversold, Above 50 DMA"
BEL,Capital Goods,423.65,-1.21,338.57,473.45,25.13,10.52,42.1,437.07,413.15,0.66,Bearish,40,"RSI weak/oversold, Above 200 DMA"
BHARATFORG,Automobile and Auto Components,1913.1,-1.84,1099.24,2044.0,74.04,6.4,54.28,1822.5,1474.75,0.55,Bullish,40,"Above 50 DMA, Above 200 DMA"
ABCAPITAL,Financial Services,357.15,2.15,212.64,375.95,67.96,5.0,56.97,332.33,323.26,0.9,Bullish,40,"Above 50 DMA, Above 200 DMA"
WELCORP,Capital Goods,1309.0,-4.28,710.0,1377.4,84.37,4.97,69.43,1017.47,886.22,0.81,Bullish,40,"Above 50 DMA, Above 200 DMA"
BALRAMCHIN,Fast Moving Consumer Goods,539.6,-0.2,393.55,623.08,37.11,13.4,61.54,502.42,482.43,0.46,Bullish,40,"Above 50 DMA, Above 200 DMA"
BANDHANBNK,Financial Services,194.46,-2.3,134.25,212.66,44.85,8.56,56.07,175.99,163.13,0.28,Bullish,40,"Above 50 DMA, Above 200 DMA"
DMART,Consumer Services,4358.7,0.4,3600.0,4949.5,21.08,11.94,48.8,4224.44,4152.6,0.4,Bullish,40,"Above 50 DMA, Above 200 DMA"
AXISBANK,Financial Services,1244.8,-0.78,1042.5,1418.3,19.41,12.23,39.34,1280.31,1231.26,0.7,Bearish,40,"RSI weak/oversold, Above 200 DMA"
BSE,Financial Services,4000.6,-0.92,2021.5,4084.0,97.9,2.04,73.55,3253.22,2739.06,1.2,Bullish,40,"Above 50 DMA, Above 200 DMA"
BAJAJ-AUTO,Automobile and Auto Components,10377.5,-0.7,7858.5,10785.0,32.05,3.78,60.09,9594.34,9197.57,0.54,Bullish,40,"Above 50 DMA, Above 200 DMA"
ASIANPAINT,Consumer Durables,2605.6,-0.63,2115.0,2985.7,23.2,12.73,63.23,2362.16,2529.58,0.75,Bullish,40,"Above 50 DMA, Above 200 DMA"
ASTERDM,Healthcare,753.65,0.94,516.84,770.0,45.82,2.12,66.92,683.67,640.03,0.57,Bullish,40,"Above 50 DMA, Above 200 DMA"
CPPLUS,Capital Goods,2464.3,-3.24,1015.0,2575.0,142.79,4.3,68.06,2019.51,,1.34,Bullish,35,"Above 50 DMA, Volume expansion"
MUTHOOTFIN,Financial Services,3311.4,-6.22,2010.0,4114.71,64.75,19.52,42.3,3386.03,3338.2,6.58,Bearish,35,"RSI weak/oversold, Volume expansion"
MINDACORP,Automobile and Auto Components,525.2,3.3,443.78,619.32,18.35,15.2,51.17,517.12,548.06,1.33,Bullish,35,"Above 50 DMA, Volume expansion"
LUPIN,Healthcare,2276.2,0.8,1836.8,2494.0,23.92,8.73,46.04,2315.16,2114.27,1.45,Bearish,35,"Volume expansion, Above 200 DMA"
VMM,Consumer Services,118.99,1.03,98.77,157.6,20.47,24.5,47.51,114.98,132.17,1.39,Bullish,35,"Above 50 DMA, Volume expansion"
CANBK,Financial Services,128.07,-2.12,100.81,162.89,27.04,21.38,36.3,136.82,135.05,1.71,Bearish,35,"RSI weak/oversold, Volume expansion"
TMPV,Automobile and Auto Components,356.55,5.25,294.3,419.0,21.15,14.9,56.81,337.52,,5.05,Bullish,35,"Above 50 DMA, Volume expansion"
SJVN,Power,77.42,0.64,63.02,105.51,22.85,26.62,52.34,73.39,80.36,2.25,Bullish,35,"Above 50 DMA, Volume expansion"
ENDURANCE,Automobile and Auto Components,2548.5,-2.71,2128.92,3079.9,19.71,17.25,58.38,2390.7,2615.34,2.71,Bullish,35,"Above 50 DMA, Volume expansion"
HUDCO,Financial Services,206.53,-7.53,159.0,246.85,29.89,16.33,47.15,191.89,208.47,2.09,Bullish,35,"Above 50 DMA, Volume expansion"
IDFCFIRSTB,Financial Services,67.65,-1.3,58.08,87.0,16.48,22.24,47.52,66.4,74.59,1.37,Bullish,35,"Above 50 DMA, Volume expansion"
PFIZER,Healthcare,4954.7,5.84,4264.26,5873.5,16.19,15.64,58.14,4785.21,5000.17,4.32,Bullish,35,"Above 50 DMA, Volume expansion"
PWL,Consumer Services,113.85,1.11,77.72,161.99,46.49,29.72,64.16,97.12,,2.61,Bullish,35,"Above 50 DMA, Volume expansion"
HAL,Capital Goods,4386.2,-4.81,3479.1,5105.25,26.07,14.08,49.0,4138.48,4389.74,1.8,Bullish,35,"Above 50 DMA, Volume expansion"
NEWGEN,Information Technology,472.3,3.38,401.05,1370.44,17.77,65.54,47.82,464.07,729.97,2.03,Bullish,35,"Above 50 DMA, Volume expansion"
LATENTVIEW,Information Technology,307.25,5.84,248.0,517.5,23.89,40.63,54.07,293.27,397.55,6.64,Bullish,35,"Above 50 DMA, Volume expansion"
LTFOODS,Fast Moving Consumer Goods,409.35,-0.4,332.26,514.98,23.2,20.51,46.6,402.27,412.39,2.02,Bullish,35,"Above 50 DMA, Volume expansion"
HDFCLIFE,Financial Services,608.7,-0.63,555.1,820.75,9.66,25.84,49.62,616.18,719.4,0.46,Bearish,25,Near 52W low
ICICIPRULI,Financial Services,535.6,-1.13,491.45,706.8,8.98,24.22,45.08,554.06,608.49,0.41,Bearish,25,Near 52W low
JUBLFOOD,Consumer Services,461.35,0.2,408.8,717.7,12.85,35.72,47.52,465.1,556.22,0.58,Bearish,25,Near 52W low
INDIGO,Services,4314.9,0.8,3895.2,6232.5,10.77,30.77,46.27,4373.36,5181.42,0.6,Bearish,25,Near 52W low
MARUTI,Automobile and Auto Components,13221.0,1.12,11887.34,17370.0,11.22,23.89,47.34,13224.16,14855.18,0.6,Bearish,25,Near 52W low
UTIAMC,Financial Services,965.05,-0.85,896.5,1445.98,7.65,33.26,47.51,968.43,1149.68,0.28,Bearish,25,Near 52W low
M&M,Automobile and Auto Components,3123.1,-1.6,2896.0,3839.9,7.84,18.67,46.39,3149.86,3437.69,0.72,Bearish,25,Near 52W low
HYUNDAI,Automobile and Auto Components,1825.2,-0.98,1658.0,2890.0,10.08,36.84,45.63,1880.5,2227.7,0.73,Bearish,25,Near 52W low
ECLERX,Services,1483.1,-2.33,1375.0,2497.5,7.86,40.62,45.1,1512.34,1989.73,0.7,Bearish,25,Near 52W low
SBILIFE,Financial Services,1864.5,-0.12,1717.61,2129.04,8.55,12.43,50.07,1880.65,1922.9,0.47,Bearish,25,Near 52W low
ARE&M,Automobile and Auto Components,823.95,-1.35,670.0,1082.0,22.98,23.85,46.66,800.04,909.25,0.08,Bullish,20,Above 50 DMA
ABLBL,Consumer Services,104.08,1.19,87.91,175.0,18.39,40.53,49.38,101.31,122.83,0.36,Bullish,20,Above 50 DMA
AEGISVOPAK,Oil Gas & Consumable Fuels,197.72,-1.22,158.0,302.0,25.14,34.53,50.13,191.2,233.96,0.5,Bullish,20,Above 50 DMA
ANANTRAJ,Realty,488.2,-1.25,403.0,743.65,21.14,34.35,45.19,485.39,554.65,0.33,Bullish,20,Above 50 DMA
ABREL,Realty,1291.9,-1.13,1080.1,2535.63,19.61,49.05,39.79,1304.95,1580.04,0.3,Bearish,20,RSI weak/oversold
ABFRL,Consumer Services,62.66,-1.29,53.51,295.7,17.1,78.81,47.1,61.83,73.73,0.4,Bullish,20,Above 50 DMA
TVSMOTOR,Automobile and Auto Components,3466.8,0.17,2645.85,3956.17,31.03,12.37,42.18,3576.04,3520.78,1.15,Bearish,20,RSI weak/oversold
NBCC,Construction,93.82,-1.75,77.18,129.86,21.56,27.75,51.68,89.03,103.34,0.63,Bullish,20,Above 50 DMA
MEESHO,Consumer Services,190.65,-0.1,125.56,254.4,51.84,25.06,55.75,164.9,,0.19,Bullish,20,Above 50 DMA
MOTILALOFS,Financial Services,843.3,-1.04,614.9,1088.32,37.14,22.51,57.83,755.2,854.83,0.39,Bullish,20,Above 50 DMA
MAXHEALTH,Healthcare,1050.1,0.05,903.0,1314.3,16.29,20.1,63.84,998.11,1092.63,0.89,Bullish,20,Above 50 DMA
MMTC,Services,62.99,-1.84,50.1,88.19,25.73,28.57,46.83,60.66,63.49,0.38,Bullish,20,Above 50 DMA
MGL,Oil Gas & Consumable Fuels,1087.6,1.89,900.0,1549.34,20.84,29.8,48.0,1064.72,1170.99,1.08,Bullish,20,Above 50 DMA
MRPL,Oil Gas & Consumable Fuels,150.32,-2.15,117.91,212.0,27.48,29.09,34.92,177.72,155.45,0.33,Bearish,20,RSI weak/oversold
WAAREEENER,Capital Goods,3022.0,-1.53,2403.0,3862.83,25.76,21.77,37.44,3109.42,3124.5,0.37,Bearish,20,RSI weak/oversold
ZEEL,Media Entertainment & Publication,88.34,-2.52,68.0,148.58,29.91,40.54,51.0,82.67,97.02,0.4,Bullish,20,Above 50 DMA
TRENT,Consumer Services,4101.3,-0.75,3275.5,6261.0,25.21,34.49,50.29,3895.03,4394.66,0.58,Bullish,20,Above 50 DMA
APTUS,Financial Services,264.45,-1.07,191.24,358.18,38.28,26.17,57.66,234.55,280.43,0.32,Bullish,20,Above 50 DMA
UCOBANK,Financial Services,25.19,-1.02,21.86,34.5,15.26,26.99,41.86,25.53,28.37,0.51,Bearish,20,RSI weak/oversold
UNOMINDA,Automobile and Auto Components,1121.8,-0.04,963.06,1380.99,16.48,18.77,50.13,1095.05,1199.66,0.72,Bullish,20,Above 50 DMA
URBANCO,Consumer Services,120.94,-2.27,100.7,201.18,20.1,39.88,36.27,126.65,,0.42,Bearish,20,RSI weak/oversold
VEDL,Metals & Mining,331.05,-2.32,268.7,795.0,23.2,58.36,29.0,612.44,547.9,1.27,Bearish,20,RSI weak/oversold
AEGISLOG,Oil Gas & Consumable Fuels,674.15,3.15,576.1,944.6,17.02,28.63,48.06,656.41,719.97,0.8,Bullish,20,Above 50 DMA
AFFLE,Information Technology,1477.1,-1.17,1251.3,2185.9,18.05,32.43,51.25,1415.62,1704.5,0.25,Bullish,20,Above 50 DMA
AFCONS,Construction,336.5,1.72,265.8,479.4,26.6,29.81,55.52,307.52,378.44,1.06,Bullish,20,Above 50 DMA
POLICYBZR,Financial Services,1688.3,0.41,1364.0,1978.0,23.78,14.65,60.84,1549.19,1698.92,1.17,Bullish,20,Above 50 DMA
INDHOTEL,Consumer Services,656.25,0.93,565.0,811.95,16.15,19.18,54.07,631.71,703.82,0.85,Bullish,20,Above 50 DMA
PAYTM,Financial Services,1131.2,-1.17,818.0,1381.8,38.29,18.14,50.62,1086.22,1196.91,0.39,Bullish,20,Above 50 DMA
PAGEIND,Textiles,36820.0,1.92,29805.0,50075.74,23.54,26.47,55.23,34482.4,38196.54,0.91,Bullish,20,Above 50 DMA
PCBL,Chemicals,274.3,-3.38,226.5,430.16,21.1,36.23,42.65,275.63,322.69,0.69,Bearish,20,RSI weak/oversold
LTTS,Information Technology,3495.1,0.82,3010.0,4726.0,16.12,26.05,46.03,3419.34,3972.05,0.46,Bullish,20,Above 50 DMA
LENSKART,Consumer Services,469.25,-1.08,356.1,557.65,31.77,15.85,30.46,511.54,,0.63,Bearish,20,RSI weak/oversold
NUVOCO,Construction Materials,326.8,0.11,276.25,477.5,18.3,31.56,60.05,301.53,368.9,0.3,Bullish,20,Above 50 DMA
OBEROIRLTY,Realty,1617.2,-1.25,1389.48,1995.18,16.39,18.94,45.94,1578.18,1618.04,0.32,Bullish,20,Above 50 DMA
OLAELEC,Automobile and Auto Components,35.68,-0.89,22.25,71.25,60.36,49.92,53.15,31.14,40.14,0.64,Bullish,20,Above 50 DMA
IREDA,Financial Services,127.1,-1.18,108.08,185.6,17.6,31.52,45.13,123.85,137.23,0.57,Bullish,20,Above 50 DMA
KPRMILL,Textiles,923.45,3.5,796.1,1253.5,16.0,26.33,51.5,883.68,969.34,0.91,Bullish,20,Above 50 DMA
JUBLPHARMA,Healthcare,990.15,-1.42,786.05,1248.0,25.97,20.66,64.96,891.02,1021.83,0.5,Bullish,20,Above 50 DMA
ELECON,Capital Goods,484.85,-2.84,352.0,713.99,37.74,32.09,49.2,440.65,495.28,0.22,Bullish,20,Above 50 DMA
HEXT,Information Technology,484.15,0.23,392.78,876.24,23.26,44.75,57.19,450.18,636.52,0.95,Bullish,20,Above 50 DMA
JSL,Metals & Mining,749.5,0.11,630.93,882.91,18.79,15.11,46.89,748.78,763.74,0.61,Bullish,20,Above 50 DMA
JAINREC,Metals & Mining,566.15,0.2,247.57,593.95,128.68,4.68,74.33,450.43,,0.66,Bullish,20,Above 50 DMA
JMFINANCIL,Financial Services,133.81,-2.68,108.11,197.86,23.77,32.37,46.1,129.9,148.65,0.42,Bullish,20,Above 50 DMA
JSWCEMENT,Construction Materials,123.17,0.75,106.65,162.15,15.49,24.04,49.45,121.79,,0.65,Bullish,20,Above 50 DMA
JKTYRE,Automobile and Auto Components,378.05,-1.16,311.0,611.9,21.56,38.22,34.46,413.0,429.51,0.76,Bearish,20,RSI weak/oversold
INTELLECT,Information Technology,686.6,-1.01,595.2,1247.67,15.36,44.97,42.75,688.92,899.49,0.37,Bearish,20,RSI weak/oversold
PIIND,Chemicals,3114.9,0.36,2700.0,4312.31,15.37,27.77,57.2,2986.93,3367.02,0.91,Bullish,20,Above 50 DMA
INOXWIND,Capital Goods,95.53,-2.11,75.05,201.0,27.29,52.47,46.24,90.51,122.34,0.34,Bullish,20,Above 50 DMA
INDGN,Healthcare,516.1,0.06,414.0,630.79,24.66,18.18,54.5,481.11,519.6,0.61,Bullish,20,Above 50 DMA
INDIACEM,Construction Materials,400.15,1.56,297.05,485.8,34.71,17.63,50.98,385.27,403.05,0.09,Bullish,20,Above 50 DMA
ITI,Telecommunication,286.75,-1.56,237.0,372.85,20.99,23.09,46.63,278.29,298.95,0.16,Bullish,20,Above 50 DMA
IIFL,Financial Services,464.85,1.11,398.01,670.04,16.79,30.62,53.06,459.93,501.62,0.57,Bullish,20,Above 50 DMA
ICICIAMC,Financial Services,3199.6,-1.36,2516.71,3597.5,27.13,11.06,48.01,3117.31,,0.89,Bullish,20,Above 50 DMA
IDBI,Financial Services,70.38,-1.43,61.01,118.38,15.36,40.55,34.7,78.32,93.19,0.4,Bearish,20,RSI weak/oversold
EXIDEIND,Automobile and Auto Components,349.05,-0.19,287.0,431.0,21.62,19.01,53.5,326.39,362.54,0.48,Bullish,20,Above 50 DMA
HDBFS,Financial Services,674.95,-0.24,555.3,889.5,21.55,24.12,53.21,649.78,723.37,0.55,Bullish,20,Above 50 DMA
GODFRYPHLP,Fast Moving Consumer Goods,2424.9,-1.37,1832.1,3924.86,32.36,38.22,64.33,2112.06,2687.92,0.71,Bullish,20,Above 50 DMA
HBLENGINE,Capital Goods,771.95,-1.59,540.47,1119.11,42.83,31.02,47.38,729.78,800.17,0.48,Bullish,20,Above 50 DMA
POLYMED,Healthcare,1498.9,-1.45,1182.0,2525.47,26.81,40.65,47.47,1417.81,1719.45,0.39,Bullish,20,Above 50 DMA
RAILTEL,Telecommunication,320.1,-2.6,245.0,474.82,30.65,32.59,49.4,300.32,339.62,0.47,Bullish,20,Above 50 DMA
PPLPHARMA,Healthcare,174.87,0.18,132.3,225.85,32.18,22.57,61.08,153.42,176.22,0.33,Bullish,20,Above 50 DMA
PIRAMALFIN,Financial Services,1888.9,-1.14,1260.0,2073.2,49.91,8.89,51.46,1820.16,,0.19,Bullish,20,Above 50 DMA
FSL,Services,237.6,-0.93,202.0,395.18,17.62,39.87,52.2,223.97,301.24,0.21,Bullish,20,Above 50 DMA
RPOWER,Power,27.12,-2.66,20.17,76.49,34.46,64.54,47.12,25.48,36.11,0.65,Bullish,20,Above 50 DMA
EIHOTEL,Consumer Services,316.1,-1.17,271.15,434.8,16.58,27.3,44.92,316.25,356.95,0.44,Bearish,20,RSI weak/oversold
DEVYANI,Consumer Services,118.08,0.04,91.55,191.0,28.98,38.18,54.24,110.9,140.7,0.86,Bullish,20,Above 50 DMA
EMMVEE,Capital Goods,258.0,-0.39,171.51,299.5,50.43,13.86,50.89,238.28,,0.28,Bullish,20,Above 50 DMA
OLECTRA,Automobile and Auto Components,1237.7,-2.22,866.6,1714.2,42.82,27.8,51.86,1116.54,1281.51,0.46,Bullish,20,Above 50 DMA
LGEINDIA,Consumer Durables,1579.8,0.88,1304.1,1749.0,21.14,9.67,55.7,1534.32,,0.99,Bullish,20,Above 50 DMA
NCC,Construction,160.68,-0.94,130.0,239.76,23.6,32.98,50.19,152.48,176.66,0.79,Bullish,20,Above 50 DMA
TEJASNET,Telecommunication,445.75,-2.69,294.0,758.87,51.62,41.26,50.62,439.04,482.08,0.21,Bullish,20,Above 50 DMA
TBOTEK,Consumer Services,1177.0,-0.37,1004.2,1764.8,17.21,33.31,40.64,1187.97,1445.82,1.18,Bearish,20,RSI weak/oversold
CARTRADE,Consumer Services,1824.8,-0.63,1485.0,3290.5,22.88,44.54,52.72,1752.52,2355.43,0.34,Bullish,20,Above 50 DMA
FIVESTAR,Financial Services,458.8,-1.45,338.15,825.14,35.68,44.4,49.46,424.1,517.5,0.15,Bullish,20,Above 50 DMA
CHOICEIN,Financial Services,664.25,-0.91,568.7,860.5,16.8,22.81,44.72,669.57,760.49,0.64,Bearish,20,RSI weak/oversold
CHOLAHLDNG,Financial Services,1658.0,-1.64,1305.0,2230.06,27.05,25.65,52.72,1562.76,1769.84,0.21,Bullish,20,Above 50 DMA
GAIL,Oil Gas & Consumable Fuels,162.13,-0.3,134.36,195.53,20.67,17.08,52.88,154.66,165.41,0.83,Bullish,20,Above 50 DMA
FORCEMOT,Automobile and Auto Components,20356.0,1.06,10136.12,26450.0,100.83,23.04,47.69,21029.2,19466.73,1.18,Bearish,20,Above 200 DMA
COCHINSHIP,Capital Goods,1594.5,-3.08,1187.0,2529.76,34.33,36.97,47.25,1505.82,1626.0,0.58,Bullish,20,Above 50 DMA
COFORGE,Information Technology,1282.1,0.59,1008.1,1984.96,27.18,35.41,53.45,1201.52,1570.6,0.77,Bullish,20,Above 50 DMA
COHANCE,Healthcare,423.2,-4.94,266.7,1121.15,58.68,62.25,50.6,360.0,606.49,0.22,Bullish,20,Above 50 DMA
CONCORDBIO,Healthcare,1135.3,-0.41,987.0,2136.77,15.03,46.87,51.57,1108.58,1374.09,0.27,Bullish,20,Above 50 DMA
DCMSHRIRAM,Diversified,1127.2,-0.04,945.1,1489.48,19.27,24.32,40.36,1130.11,1197.82,0.78,Bearish,20,RSI weak/oversold
DLF,Realty,566.75,-2.83,489.4,880.36,15.81,35.62,43.68,569.86,681.59,1.01,Bearish,20,RSI weak/oversold
CHOLAFIN,Financial Services,1546.3,-1.33,1299.4,1830.13,19.0,15.51,45.48,1544.93,1613.85,0.45,Bullish,20,Above 50 DMA
CHENNPETRO,Oil Gas & Consumable Fuels,1009.0,-1.99,593.98,1159.7,69.87,12.99,45.15,1012.13,866.74,0.21,Bearish,20,Above 200 DMA
MAPMYINDIA,Information Technology,1014.1,-0.26,795.0,2162.48,27.56,53.1,57.13,939.27,1451.22,0.21,Bullish,20,Above 50 DMA
SAGILITY,Information Technology,42.0,-2.14,35.83,57.83,17.22,27.38,48.17,41.06,46.04,0.81,Bullish,20,Above 50 DMA
SCHAEFFLER,Automobile and Auto Components,4029.6,-0.31,3489.69,4445.0,15.47,9.35,45.3,4043.88,3942.38,0.3,Bearish,20,Above 200 DMA
SAPPHIRE,Consumer Services,179.42,3.32,139.91,368.0,28.24,51.24,49.5,173.99,244.24,1.25,Bullish,20,Above 50 DMA
SONATSOFTW,Information Technology,265.75,-0.21,207.15,443.11,28.29,40.03,50.48,251.73,325.72,0.27,Bullish,20,Above 50 DMA
SOBHA,Realty,1397.3,-0.39,1130.0,1732.5,23.65,19.35,52.09,1333.59,1471.07,0.15,Bullish,20,Above 50 DMA
SUMICHEM,Chemicals,458.75,1.1,362.6,665.0,26.52,31.02,55.06,417.95,478.07,0.58,Bullish,20,Above 50 DMA
SIGNATURE,Realty,851.3,-1.72,705.2,1309.5,20.72,34.99,48.63,834.72,1009.92,0.72,Bullish,20,Above 50 DMA
CANFINHOME,Financial Services,849.55,0.75,703.23,971.5,20.81,12.55,46.37,850.28,844.52,0.6,Bearish,20,Above 200 DMA
SPLPETRO,Chemicals,695.45,1.27,462.3,975.75,50.43,28.73,39.25,722.55,706.42,0.19,Bearish,20,RSI weak/oversold
BBTC,Fast Moving Consumer Goods,1522.8,-0.98,1314.6,2134.48,15.84,28.66,51.01,1503.58,1758.61,0.45,Bullish,20,Above 50 DMA
BLUEJET,Healthcare,430.4,-1.86,325.0,1026.0,32.43,58.05,47.52,402.2,547.46,0.48,Bullish,20,Above 50 DMA
CANHLIFE,Financial Services,135.43,-1.07,106.0,159.0,27.76,14.82,39.36,143.67,,0.14,Bearish,20,RSI weak/oversold
CIEINDIA,Automobile and Auto Components,460.75,1.1,375.7,518.55,22.64,11.15,46.11,462.5,424.56,0.7,Bearish,20,Above 200 DMA
DABUR,Fast Moving Consumer Goods,467.7,0.63,403.35,573.97,15.95,18.51,55.79,449.54,496.3,0.42,Bullish,20,Above 50 DMA
CIPLA,Healthcare,1432.1,-0.32,1165.7,1673.0,22.85,14.4,69.97,1284.08,1440.59,0.51,Bullish,20,Above 50 DMA
TARIL,Capital Goods,300.8,-1.31,224.05,578.5,34.26,48.0,46.24,298.82,363.87,0.21,Bullish,20,Above 50 DMA
TENNIND,Automobile and Auto Components,602.3,-0.28,438.05,657.0,37.5,8.33,50.96,569.28,,0.12,Bullish,20,Above 50 DMA
TATAINVEST,Financial Services,675.95,0.72,538.85,1184.7,25.44,42.94,45.3,658.52,712.47,0.43,Bullish,20,Above 50 DMA
CEMPRO,Construction,899.55,-2.93,503.3,982.8,78.73,8.47,65.06,657.24,,0.16,Bullish,20,Above 50 DMA
ASTRAL,Capital Goods,1550.8,-0.67,1260.29,1768.7,23.05,12.32,47.2,1594.54,1487.57,0.57,Bearish,20,Above 200 DMA
AIIL,Financial Services,505.5,-0.02,400.0,683.0,26.38,25.99,58.57,465.96,549.07,0.81,Bullish,20,Above 50 DMA
ASAHIINDIA,Automobile and Auto Components,819.65,-0.24,686.67,1074.0,19.37,23.68,42.58,838.5,907.95,1.19,Bearish,20,RSI weak/oversold
ASHOKLEY,Capital Goods,153.13,-0.78,114.14,215.42,34.16,28.92,35.81,170.6,160.13,1.24,Bearish,20,RSI weak/oversold
BAJFINANCE,Financial Services,910.45,-0.19,787.9,1102.5,15.55,17.42,46.44,903.63,961.94,0.68,Bullish,20,Above 50 DMA
BAJAJHLDNG,Financial Services,10308.0,-0.47,8588.0,14690.34,20.03,29.83,51.95,10010.78,11553.55,0.5,Bullish,20,Above 50 DMA
BAJAJHFL,Financial Services,83.85,-0.38,72.65,128.7,15.42,34.85,42.14,84.56,98.68,0.46,Bearish,20,RSI weak/oversold
BANKBARODA,Financial Services,261.4,-2.39,225.14,325.5,16.11,19.69,42.21,274.3,274.57,1.02,Bearish,20,RSI weak/oversold
BANKINDIA,Financial Services,142.26,-1.17,108.81,178.36,30.74,20.24,46.96,147.26,140.02,0.74,Bearish,20,Above 200 DMA
SYNGENE,Healthcare,454.05,-2.97,380.0,728.6,19.49,37.68,51.99,425.38,568.74,0.22,Bullish,20,Above 50 DMA
BEML,Capital Goods,1788.1,-2.47,1355.0,2433.23,31.96,26.51,49.7,1673.04,1866.85,0.41,Bullish,20,Above 50 DMA
BLS,Consumer Services,252.9,-2.9,218.9,417.85,15.53,39.48,34.66,268.55,310.63,1.15,Bearish,20,RSI weak/oversold
AAVAS,Financial Services,1384.7,-0.82,1060.4,2152.9,30.58,35.68,55.15,1268.17,1484.25,0.27,Bullish,20,Above 50 DMA
ACE,Capital Goods,888.25,0.33,745.1,1386.04,19.21,35.91,49.4,868.52,965.54,0.64,Bullish,20,Above 50 DMA
TITAGARH,Capital Goods,763.3,-1.11,568.7,973.19,34.22,21.57,49.82,706.39,806.81,0.23,Bullish,20,Above 50 DMA
TATACHEM,Chemicals,748.9,-1.08,580.3,1026.65,29.05,27.05,50.42,703.43,807.71,0.17,Bullish,20,Above 50 DMA
TATATECH,Information Technology,620.45,-0.39,507.4,784.62,22.28,20.92,60.06,570.9,645.15,0.21,Bullish,20,Above 50 DMA
TTML,Telecommunication,42.01,-1.29,31.22,81.12,34.56,48.21,48.2,40.47,49.35,0.38,Bullish,20,Above 50 DMA
TECHNOE,Construction,1196.0,-2.14,870.0,1643.83,37.47,27.24,46.39,1159.4,1221.71,0.7,Bullish,20,Above 50 DMA
TMCV,Capital Goods,377.95,-0.4,306.3,509.0,23.39,25.75,33.67,426.21,,1.21,Bearish,20,RSI weak/oversold
NIACL,Financial Services,165.02,0.11,116.97,212.81,41.08,22.46,59.13,147.62,167.0,1.06,Bullish,20,Above 50 DMA
AWL,Fast Moving Consumer Goods,199.73,-0.54,171.19,286.0,16.67,30.16,52.8,187.91,231.89,0.4,Bullish,20,Above 50 DMA
SAMMAANCAP,Financial Services,142.67,-0.32,114.1,192.95,25.04,26.06,45.36,145.4,147.23,1.38,Bearish,15,Volume expansion
HINDPETRO,Oil Gas & Consumable Fuels,366.4,-2.95,316.2,508.45,15.88,27.94,45.48,368.12,420.72,1.79,Bearish,15,Volume expansion
REDINGTON,Services,221.29,1.91,191.31,327.51,15.67,32.43,51.22,223.02,256.33,1.53,Bearish,15,Volume expansion
MFSL,Financial Services,1604.0,-1.68,1323.2,1892.5,21.22,15.24,45.83,1632.17,1637.52,0.94,Bearish,0,
HEROMOTOCO,Automobile and Auto Components,5064.5,-0.25,3930.01,6266.36,28.87,19.18,45.08,5234.73,5355.48,0.65,Bearish,0,
CYIENT,Information Technology,870.7,-0.13,750.3,1343.18,16.05,35.18,45.22,875.17,1077.04,0.26,Bearish,0,
